{"cameraMode":{"drawMode":0,"name":"Shaded","section":"Shading Mode"},"sceneLighting":true,"audioPlay":false,"sceneViewState":{"m_AlwaysRefresh":false,"showFog":true,"showSkybox":true,"showFlares":true,"showImageEffects":true,"showParticleSystems":true,"showVisualEffectGraphs":true,"m_FxEnabled":true},"in2DMode":false,"pivot":{"x":0.0018611608538776637,"y":0.18913348019123078,"z":2.706789255142212},"rotation":{"x":0.2535056471824646,"y":0.03771508112549782,"z":-0.00989055447280407,"w":0.966553807258606},"size":2.8802781105041506,"orthographic":false}