{"cameraMode":{"drawMode":0,"name":"Shaded","section":"Shading Mode"},"sceneLighting":false,"audioPlay":false,"sceneViewState":{"m_AlwaysRefresh":false,"showFog":true,"showSkybox":false,"showFlares":true,"showImageEffects":true,"showParticleSystems":true,"showVisualEffectGraphs":true,"m_FxEnabled":true},"in2DMode":false,"pivot":{"x":-0.0645914077758789,"y":0.06935054063796997,"z":0.3169368505477905},"rotation":{"x":0.04277309030294418,"y":-0.9551297426223755,"z":0.17232495546340943,"w":0.2370760440826416},"size":0.7773184180259705,"orthographic":false}