{"cameraMode":{"drawMode":0,"name":"Shaded","section":"Shading Mode"},"sceneLighting":true,"audioPlay":false,"sceneViewState":{"m_AlwaysRefresh":false,"showFog":true,"showSkybox":true,"showFlares":true,"showImageEffects":true,"showParticleSystems":true,"showVisualEffectGraphs":true,"m_FxEnabled":true},"in2DMode":false,"pivot":{"x":502.3325500488281,"y":288.0458068847656,"z":12.339804649353028},"rotation":{"x":-0.0314946211874485,"y":-0.00299852155148983,"z":-0.00009448146738577634,"w":0.9994994401931763},"size":241.5359344482422,"orthographic":false}