{"cameraMode":{"drawMode":0,"name":"Shaded","section":"Shading Mode"},"sceneLighting":true,"audioPlay":false,"sceneViewState":{"m_AlwaysRefresh":false,"showFog":true,"showSkybox":true,"showFlares":true,"showImageEffects":true,"showParticleSystems":true,"showVisualEffectGraphs":true,"m_FxEnabled":true},"in2DMode":false,"pivot":{"x":22.503873825073243,"y":-3.778318405151367,"z":27.063804626464845},"rotation":{"x":-0.1785993129014969,"y":0.06873246282339096,"z":-0.012459749355912209,"w":-0.9814639687538147},"size":8.756941795349121,"orthographic":false}