{"cameraMode":{"drawMode":0,"name":"Shaded","section":"Shading Mode"},"sceneLighting":true,"audioPlay":false,"sceneViewState":{"m_AlwaysRefresh":false,"showFog":true,"showSkybox":true,"showFlares":true,"showImageEffects":true,"showParticleSystems":true,"showVisualEffectGraphs":true,"m_FxEnabled":true},"in2DMode":false,"pivot":{"x":-21.911521911621095,"y":41.88129425048828,"z":14.541252136230469},"rotation":{"x":-0.08038526773452759,"y":0.2194347232580185,"z":0.018145138397812845,"w":0.9721555113792419},"size":41.9576301574707,"orthographic":false}