{"cameraMode":{"drawMode":0,"name":"Shaded","section":"Shading Mode"},"sceneLighting":true,"audioPlay":false,"sceneViewState":{"m_AlwaysRefresh":false,"showFog":true,"showSkybox":true,"showFlares":true,"showImageEffects":true,"showParticleSystems":true,"showVisualEffectGraphs":true,"m_FxEnabled":true},"in2DMode":false,"pivot":{"x":52.31127166748047,"y":116.33707427978516,"z":234.15692138671876},"rotation":{"x":0.008320402354001999,"y":-0.9890099763870239,"z":0.1343357115983963,"w":0.061514582484960559},"size":241.5359344482422,"orthographic":false}