{"cameraMode":{"drawMode":0,"name":"Shaded","section":"Shading Mode"},"sceneLighting":true,"audioPlay":false,"sceneViewState":{"m_AlwaysRefresh":false,"showFog":true,"showSkybox":true,"showFlares":true,"showImageEffects":true,"showParticleSystems":true,"showVisualEffectGraphs":true,"m_FxEnabled":true},"in2DMode":false,"pivot":{"x":541.1702880859375,"y":42.14089584350586,"z":412.0342102050781},"rotation":{"x":-3.2107394076774656e-7,"y":-0.016499726101756097,"z":0.000002384478193562245,"w":0.9998688697814941},"size":602.0360107421875,"orthographic":true}