{"cameraMode":{"drawMode":0,"name":"Shaded","section":"Shading Mode"},"sceneLighting":true,"audioPlay":false,"sceneViewState":{"m_AlwaysRefresh":false,"showFog":true,"showSkybox":true,"showFlares":true,"showImageEffects":true,"showParticleSystems":true,"showVisualEffectGraphs":true,"m_FxEnabled":true},"in2DMode":false,"pivot":{"x":-22.500385284423829,"y":-22.862445831298829,"z":19.494792938232423},"rotation":{"x":0.0021812773775309326,"y":0.9315873980522156,"z":-0.3634735345840454,"w":0.005589232314378023},"size":45.44172286987305,"orthographic":false}