{"cameraMode":{"drawMode":0,"name":"Shaded","section":"Shading Mode"},"sceneLighting":true,"audioPlay":false,"sceneViewState":{"m_AlwaysRefresh":false,"showFog":true,"showSkybox":true,"showFlares":true,"showImageEffects":true,"showParticleSystems":true,"showVisualEffectGraphs":true,"m_FxEnabled":true},"in2DMode":false,"pivot":{"x":-2.936397075653076,"y":-3.192310333251953,"z":1.6222801208496094},"rotation":{"x":0.0021812773775309326,"y":0.9315873980522156,"z":-0.3634735345840454,"w":0.005589232314378023},"size":19.919918060302736,"orthographic":false}