{"cameraMode":{"drawMode":0,"name":"Shaded","section":"Shading Mode"},"sceneLighting":true,"audioPlay":false,"sceneViewState":{"m_AlwaysRefresh":false,"showFog":true,"showSkybox":true,"showFlares":true,"showImageEffects":true,"showParticleSystems":true,"showVisualEffectGraphs":true,"m_FxEnabled":true},"in2DMode":false,"pivot":{"x":-49.67881774902344,"y":22.40566635131836,"z":31.346519470214845},"rotation":{"x":-0.08038526773452759,"y":0.2194347232580185,"z":0.018145138397812845,"w":0.9721555113792419},"size":42.25762939453125,"orthographic":false}