{"cameraMode":{"drawMode":0,"name":"Shaded","section":"Shading Mode"},"sceneLighting":true,"audioPlay":false,"sceneViewState":{"m_AlwaysRefresh":false,"showFog":true,"showSkybox":true,"showFlares":true,"showImageEffects":true,"showParticleSystems":true,"showVisualEffectGraphs":true,"m_FxEnabled":true},"in2DMode":false,"pivot":{"x":-0.10928040742874146,"y":1.0775105953216553,"z":-0.17098045349121095},"rotation":{"x":0.03667174652218819,"y":0.9240788817405701,"z":-0.09178386628627777,"w":0.3692081570625305},"size":2.774324893951416,"orthographic":false}