{"cameraMode":{"drawMode":0,"name":"Shaded","section":"Shading Mode"},"sceneLighting":true,"audioPlay":false,"sceneViewState":{"m_AlwaysRefresh":false,"showFog":true,"showSkybox":true,"showFlares":true,"showImageEffects":true,"showParticleSystems":true,"showVisualEffectGraphs":true,"m_FxEnabled":true},"in2DMode":false,"pivot":{"x":-4.9034223556518559,"y":3.4094340801239015,"z":4.7470479011535648},"rotation":{"x":0.12323883920907974,"y":0.8726614713668823,"z":-0.28580528497695925,"w":0.376292884349823},"size":2.774324893951416,"orthographic":false}