{"cameraMode":{"drawMode":0,"name":"Shaded","section":"Shading Mode"},"sceneLighting":true,"audioPlay":false,"sceneViewState":{"m_AlwaysRefresh":false,"showFog":true,"showSkybox":true,"showFlares":true,"showImageEffects":true,"showParticleSystems":true,"showVisualEffectGraphs":true,"m_FxEnabled":true},"in2DMode":false,"pivot":{"x":-0.053140878677368167,"y":1.6200828552246094,"z":0.7815439701080322},"rotation":{"x":-0.02197914756834507,"y":0.9774991869926453,"z":-0.13127709925174714,"w":-0.16366004943847657},"size":1.8178277015686036,"orthographic":false}